,age,sex,cp,trestbps,chol,fbs,restecg,thalach,exang,oldpeak,slope,ca,thal,target
count,1025.0,1025.0,1025.0,1025.0,1025.0,1025.0,1025.0,1025.0,1025.0,1025.0,1025.0,1025.0,1025.0,1025.0
mean,54.43414634146342,0.6956097560975609,0.9424390243902439,131.61170731707318,246.0,0.14926829268292682,0.5297560975609756,149.11414634146342,0.33658536585365856,1.0715121951219515,1.3853658536585365,0.7541463414634146,2.32390243902439,0.5131707317073171
std,9.072290233244278,0.4603733241196493,1.029640743645865,17.516718005376408,51.59251020618206,0.3565266897271575,0.5278775668748921,23.005723745977207,0.47277237600371186,1.175053255150176,0.6177552671745918,1.0307976650242823,0.6206602380510298,0.5000704980788014
min,29.0,0.0,0.0,94.0,126.0,0.0,0.0,71.0,0.0,0.0,0.0,0.0,0.0,0.0
25%,48.0,0.0,0.0,120.0,211.0,0.0,0.0,132.0,0.0,0.0,1.0,0.0,2.0,0.0
50%,56.0,1.0,1.0,130.0,240.0,0.0,1.0,152.0,0.0,0.8,1.0,0.0,2.0,1.0
75%,61.0,1.0,2.0,140.0,275.0,0.0,1.0,166.0,1.0,1.8,2.0,1.0,3.0,1.0
max,77.0,1.0,3.0,200.0,564.0,1.0,2.0,202.0,1.0,6.2,2.0,4.0,3.0,1.0
